{"initial_reset_timestamp": 1751448270.7490473, "timestamps": [1751448273.8271828], "episode_lengths": [1117], "episode_rewards": [290.0], "episode_types": ["t"]}