{"initial_reset_timestamp": 1751463964.9612586, "timestamps": [1751463967.0719094], "episode_lengths": [849], "episode_rewards": [310.0], "episode_types": ["t"]}