{"initial_reset_timestamp": 1751459314.9327974, "timestamps": [1751459316.5505013], "episode_lengths": [701], "episode_rewards": [185.0], "episode_types": ["t"]}