{"loss": [0.007498191935995307, 0.007983330368565826, 0.008249782533052244, 0.005915744855467762, 0.009649749639827539, 0.00855530957712538, 0.008334864293121629, 0.010542502343200911, 0.011124414840846189, 0.009100663100980455, 0.00925313249657241, 0.011541405653891465, 0.0077698229128615025, 0.008763662814586, 0.008082948920006553, 0.008279332849529706, 0.009982980415225029, 0.010247237653144309, 0.009353761317801069, 0.00892933111121554, 0.009518471351193806, 0.010765760516126951, 0.007810580643958279, 0.010921243811026216, 0.01084096661199712, 0.007821043611564223, 0.011271856244236819, 0.007885875558713451, 0.007600526461222519, 0.007283603614528796, 0.010624040838592919, 0.009894581533061634, 0.007943228958174587, 0.011249888416690132, 0.012360334953131236, 0.01020247798581469, 0.006690192474600147, 0.008421105172160562, 0.006222775523466143, 0.00880663944945599, 0.009438409059796305, 0.0076442842109827325, 0.006613871199078858, 0.008742100591618628, 0.0077840827685907825, 0.008727060497039928, 0.00916026529839969, 0.008572786390830419, 0.010803828747676951, 0.009705205073616668, 0.010940519427253015, 0.007904326636344194, 0.008258650952484459, 0.009196340738846039, 0.004986302807949306], "mae": [0.33010416420606464, 0.35234114069205064, 0.3317935849939074, 0.3286751048905509, 0.3371025341398576, 0.3477989137172699, 0.3411790298091041, 0.3390137025943169, 0.33876368616308483, 0.3383974339812994, 0.3363931526740392, 0.3402458255489667, 0.33735528492158456, 0.34487569783673144, 0.3254072368144989, 0.3500347435474396, 0.34074563554355075, 0.3451338676181999, 0.3656406727704135, 0.34948290852100955, 0.33089311757395345, 0.35019589265187584, 0.34839176705905367, 0.3560290815574782, 0.34796785314877826, 0.3390197475110331, 0.35105917798845393, 0.33372264976302785, 0.34187904795010887, 0.3140655585697719, 0.34578829631209373, 0.3331194206287986, 0.32473559975624083, 0.3470702193401478, 0.33827386602111487, 0.3525094453324663, 0.32130738391595726, 0.34015921661348053, 0.320403091609478, 0.34401888916125667, 0.3257407900832948, 0.3417168762534857, 0.34619197646776834, 0.33324653789645337, 0.31928973441774194, 0.3325943201780319, 0.3423026183555866, 0.31493984358875377, 0.3177016835127558, 0.3264021134259654, 0.3353170989000279, 0.31080504179000856, 0.329138187567393, 0.31706295142302643, 0.3115515716019131], "mean_q": [0.4170843477432544, 0.4454740079549643, 0.4182577580213547, 0.4148323731763022, 0.4211428743951461, 0.4322116564620625, 0.42443808250957066, 0.4228897988796234, 0.4225085345762117, 0.424190666526556, 0.42689670249819756, 0.4317699919144313, 0.4291653748481504, 0.43360037514657684, 0.4045071880022685, 0.43740239100796835, 0.4274688311985561, 0.4325122744650454, 0.45855777913873846, 0.44015305716058484, 0.41701732431688615, 0.4375847895940145, 0.43534134825070697, 0.44779552838632036, 0.43879618468108, 0.42568200345962276, 0.43897886809549835, 0.41963333263993263, 0.43109810749689736, 0.39739639099155155, 0.438903302885592, 0.42158643195503637, 0.40651613771915435, 0.43710003738050107, 0.42495954295863275, 0.44302452054429564, 0.40382648390882153, 0.42679453708908777, 0.40217423980886285, 0.42944253522616166, 0.4100860853989919, 0.4297381602227688, 0.437101149559021, 0.41833078616955244, 0.40562401576475665, 0.42315126657485963, 0.4344673804168043, 0.39936511689110804, 0.40535616342510494, 0.4171006480852763, 0.42893487150254456, 0.39716542363166807, 0.41448331375916797, 0.3991096422478959, 0.3941850350016639], "mean_eps": [0.009999999999999998, 0.009999999999999998, 0.009999999999999998, 0.010000000000000004, 0.01, 0.010000000000000002, 0.010000000000000002, 0.010000000000000005, 0.010000000000000004, 0.01, 0.010000000000000004, 0.010000000000000004, 0.010000000000000004, 0.010000000000000004, 0.01, 0.010000000000000004, 0.010000000000000004, 0.010000000000000004, 0.010000000000000002, 0.010000000000000005, 0.010000000000000004, 0.01, 0.010000000000000005, 0.010000000000000004, 0.010000000000000002, 0.010000000000000004, 0.010000000000000004, 0.010000000000000004, 0.010000000000000004, 0.010000000000000004, 0.010000000000000004, 0.010000000000000002, 0.010000000000000002, 0.010000000000000002, 0.010000000000000004, 0.010000000000000005, 0.01, 0.010000000000000004, 0.010000000000000002, 0.010000000000000002, 0.010000000000000002, 0.01, 0.01, 0.010000000000000005, 0.010000000000000002, 0.010000000000000002, 0.010000000000000004, 0.010000000000000004, 0.010000000000000004, 0.010000000000000004, 0.010000000000000005, 0.010000000000000002, 0.010000000000000004, 0.010000000000000004, 0.010000000000000002], "episode_reward": [6.0, 4.0, 6.0, 22.0, 8.0, 11.0, 7.0, 22.0, 17.0, 8.0, 13.0, 10.0, 15.0, 19.0, 9.0, 19.0, 18.0, 17.0, 12.0, 31.0, 22.0, 11.0, 28.0, 11.0, 14.0, 19.0, 29.0, 12.0, 20.0, 17.0, 16.0, 9.0, 9.0, 15.0, 17.0, 21.0, 6.0, 19.0, 13.0, 18.0, 7.0, 10.0, 7.0, 34.0, 13.0, 11.0, 12.0, 27.0, 17.0, 25.0, 29.0, 12.0, 15.0, 23.0, 9.0], "nb_episode_steps": [313, 332, 334, 845, 390, 535, 421, 939, 676, 399, 572, 572, 739, 792, 357, 677, 839, 891, 534, 1096, 740, 360, 1008, 686, 645, 746, 898, 582, 726, 671, 753, 466, 484, 636, 552, 1145, 409, 769, 536, 634, 493, 388, 349, 1478, 523, 489, 685, 919, 663, 1234, 1099, 600, 711, 901, 500], "nb_steps": [313, 645, 979, 1824, 2214, 2749, 3170, 4109, 4785, 5184, 5756, 6328, 7067, 7859, 8216, 8893, 9732, 10623, 11157, 12253, 12993, 13353, 14361, 15047, 15692, 16438, 17336, 17918, 18644, 19315, 20068, 20534, 21018, 21654, 22206, 23351, 23760, 24529, 25065, 25699, 26192, 26580, 26929, 28407, 28930, 29419, 30104, 31023, 31686, 32920, 34019, 34619, 35330, 36231, 36731], "episode": [0, 1, 2, 3, 4, 5, 6, 7, 8, 9, 10, 11, 12, 13, 14, 15, 16, 17, 18, 19, 20, 21, 22, 23, 24, 25, 26, 27, 28, 29, 30, 31, 32, 33, 34, 35, 36, 37, 38, 39, 40, 41, 42, 43, 44, 45, 46, 47, 48, 49, 50, 51, 52, 53, 54], "duration": [5.677048738998565, 6.7615916460017615, 5.858133480000106, 17.14152743700106, 7.551278197999636, 10.270995218997996, 7.594857071999286, 18.537262319001456, 14.336853504999453, 7.166640275001555, 11.198190647999581, 10.999321004001104, 13.966284401998564, 15.063757908999833, 7.509880336001515, 12.266977346000203, 16.13848803200017, 16.86530599099933, 10.541815509997832, 20.038674559000356, 14.125671543999488, 7.372591427996667, 19.939832847998332, 13.089168532998883, 12.370628613000008, 14.113143601000047, 17.79125498600115, 10.870540350999363, 13.458092687997123, 12.75141547700332, 14.668476042999828, 9.282039820998762, 9.702488138002082, 12.270602938999218, 9.736634876000608, 22.315294164996885, 10.016657410000334, 14.867017814001883, 10.153404422999301, 13.14339243699942, 9.131274113002291, 7.850731024002016, 6.311191780998342, 27.980639272998815, 10.542721796002297, 9.617006296000909, 13.210131846997683, 16.911617481997382, 12.958788477997587, 23.69363478199739, 21.264312012001028, 11.622403847999522, 13.851953602999856, 64.14871445300014, 258.16825163799876]}