{"loss": [0.008682126969736265, 0.00822137068358383, 0.00878034732994382, 0.0070170220259688386, 0.010819079135270679, 0.008216496259722459, 0.009231739013236673, 0.007250968418416701], "mae": [0.2806644384798251, 0.2776000584874834, 0.2692848289454425, 0.26460070778494293, 0.277694887974683, 0.273468516767025, 0.2794235729995896, 0.263178602712495], "mean_q": [0.34935489453767476, 0.34876704109566553, 0.3397347264819675, 0.33421852860761725, 0.34570814230862784, 0.34296487271785736, 0.34831879068823424, 0.3299317308834621], "mean_eps": [0.010000000000000002, 0.010000000000000004, 0.010000000000000002, 0.010000000000000005, 0.01, 0.010000000000000004, 0.010000000000000004, 0.010000000000000004], "episode_reward": [8.0, 12.0, 9.0, 20.0, 5.0, 10.0, 16.0, 16.0], "nb_episode_steps": [460, 686, 654, 1097, 397, 672, 821, 850], "nb_steps": [460, 1146, 1800, 2897, 3294, 3966, 4787, 5637], "episode": [0, 1, 2, 3, 4, 5, 6, 7], "duration": [8.923818772999766, 9.984392521000245, 11.808082162000119, 18.524660196999776, 10.150341220999962, 10.87728765499969, 13.32940272199994, 14.206394973999977]}