{"loss": [0.010024155963465627, 0.011028295884413335, 0.0070841015948514855, 0.008638013757299633, 0.0063609627692494545, 0.008544807195128803, 0.009017174808404353, 0.010979411176181045, 0.009314861067105084, 0.011404629173921422, 0.008926286852399174, 0.011793737138699118, 0.007706364500336349, 0.010050582924442416, 0.008698517661070496, 0.004580638546030968, 0.008455676992665619, 0.00694972234996385, 0.010442368057772034, 0.009754121384402323, 0.009907535928174515, 0.010333884356508928, 0.007017333051984812, 0.00934166308963375, 0.008911738182151956, 0.010950121812574152, 0.011808128284015269, 0.009681262841791306, 0.0056321983258543614, 0.007343874913723474, 0.01027019097189721, 0.009978767459203178, 0.007928280093308007, 0.010212088138145833], "mae": [0.24868164123857722, 0.2354909042517344, 0.23970964508397238, 0.23618987202644348, 0.2269615525007248, 0.24059743296217034, 0.23502248306484783, 0.24521798100964776, 0.24345862329006196, 0.23543935418128967, 0.25328174921182484, 0.25109871096081204, 0.23638678409836508, 0.23498172574752085, 0.2371362688995543, 0.23287467997182498, 0.23073453971972832, 0.23133622109889984, 0.23523285874614008, 0.23004687204957008, 0.25128740004517813, 0.24840324510026862, 0.2385728104812343, 0.25105353173884476, 0.2355538423572268, 0.24551323652267457, 0.24820555543357675, 0.24997951207976593, 0.24498837020086206, 0.23798565992287227, 0.25651034591971217, 0.2469594246811337, 0.252975024495806, 0.24478858665508382], "mean_q": [0.3155202563194668, 0.29205890794595085, 0.3021367643560682, 0.2935196447372437, 0.28096220433712005, 0.29904704237425767, 0.29137175354887457, 0.3016620237251808, 0.301959348320961, 0.2899979937076569, 0.3118536781806212, 0.3109384987089369, 0.29775144295258954, 0.29365164122065984, 0.2935353804911886, 0.2878855439749631, 0.28243825985835147, 0.28483223654329776, 0.2895728956770014, 0.2852439321577549, 0.30922911925749347, 0.3039621881864689, 0.29488558849183527, 0.30879458717324515, 0.29090243875980376, 0.30074669453832836, 0.3045157485387542, 0.30863458075021444, 0.30286234876383905, 0.29269302476729664, 0.3137330030267303, 0.3023615270853043, 0.30981682283537726, 0.29940110445022583], "mean_eps": [0.010000000000000004, 0.010000000000000004, 0.010000000000000004, 0.010000000000000002, 0.010000000000000002, 0.010000000000000002, 0.010000000000000004, 0.010000000000000004, 0.010000000000000002, 0.010000000000000002, 0.010000000000000002, 0.010000000000000005, 0.010000000000000002, 0.010000000000000004, 0.010000000000000005, 0.010000000000000002, 0.010000000000000002, 0.010000000000000005, 0.010000000000000002, 0.010000000000000004, 0.010000000000000002, 0.010000000000000002, 0.010000000000000005, 0.010000000000000002, 0.010000000000000004, 0.010000000000000005, 0.010000000000000002, 0.010000000000000004, 0.010000000000000004, 0.010000000000000004, 0.010000000000000004, 0.010000000000000005, 0.010000000000000004, 0.010000000000000004], "episode_reward": [12.0, 13.0, 15.0, 7.0, 7.0, 7.0, 12.0, 10.0, 14.0, 12.0, 13.0, 15.0, 15.0, 21.0, 16.0, 10.0, 11.0, 19.0, 10.0, 19.0, 12.0, 9.0, 16.0, 7.0, 12.0, 27.0, 6.0, 20.0, 17.0, 13.0, 19.0, 22.0, 15.0, 13.0], "nb_episode_steps": [828, 711, 844, 596, 605, 662, 811, 680, 601, 622, 604, 1077, 547, 889, 1005, 530, 618, 961, 657, 856, 534, 648, 982, 514, 849, 1072, 533, 918, 552, 657, 906, 1066, 857, 810], "nb_steps": [828, 1539, 2383, 2979, 3584, 4246, 5057, 5737, 6338, 6960, 7564, 8641, 9188, 10077, 11082, 11612, 12230, 13191, 13848, 14704, 15238, 15886, 16868, 17382, 18231, 19303, 19836, 20754, 21306, 21963, 22869, 23935, 24792, 25602], "episode": [0, 1, 2, 3, 4, 5, 6, 7, 8, 9, 10, 11, 12, 13, 14, 15, 16, 17, 18, 19, 20, 21, 22, 23, 24, 25, 26, 27, 28, 29, 30, 31, 32, 33], "duration": [10.469309050000447, 8.50502607999988, 11.033296882000286, 8.175986943999305, 7.946470840999609, 7.52316856500056, 10.402635601000839, 9.22432248900077, 7.717441372000394, 7.535356254999897, 7.98933330699947, 13.765052960000503, 7.305458357999669, 12.302737922000233, 12.439927970000099, 6.387491092000346, 8.14501518599991, 12.522493418000522, 8.718895436999446, 10.77858750500036, 6.839713385999858, 8.31614275300035, 12.322530827999799, 6.387596829000358, 10.582940264000172, 14.474759591999828, 6.376873150000392, 11.501503309999862, 7.172203338000145, 7.963617604999854, 11.957172272000207, 14.493685182000263, 10.870790570000281, 10.28260833799959]}