{"loss": [0.009502304416276853, 0.008141147417892866, 0.008223144393586726, 0.009331076608137473, 0.007292315267381798, 0.008198767979970066, 0.006903311078160725, 0.007945510143819716, 0.0095330339692602, 0.008330083709787923, 0.007757104218762833, 0.009508303953969682, 0.006143225866253488, 0.006406777788288309, 0.009364149329485372, 0.006663014325731171, 0.00709439634478518, 0.00833637546635985, 0.00964000349243482, 0.006847823027610069, 0.010021655459976977, 0.007229922635650093, 0.007038418581942096, 0.009418667052631025, 0.006679306731053531, 0.006816100918998321, 0.01010630141328355, 0.007908747861802113, 0.007490501171560027, 0.005309547934822538, 0.007697285269387066, 0.006388866720953956, 0.006268745425212032, 0.008932322066227374, 0.007880224062738797, 0.011479303010476186, 0.011548201435101059, 0.007854533205751241, 0.0058517446789968135, 0.007991383863762686, 0.00783941773413464, 0.009684941439499037, 0.007555344610326839, 0.008110655887522024, 0.007451097957653411, 0.00795761872723233, 0.00937233212829122, 0.0055483585154953675, 0.00675987029831891, 0.006623068644532598, 0.0060133962867049764, 0.006644991658524507, 0.010154413808997946, 0.007412019884213805, 0.008140142028703569, 0.00729987568487305, 0.0077556909624642385, 0.008118525836974956, 0.01049665208639843, 0.005545800291777899, 0.010477380329658363, 0.007395561523957267, 0.008512600258958022, 0.007836681733606384, 0.007608330590840153, 0.004906594252373141, 0.007875967122769605, 0.007594717337332409, 0.010230434151405158, 0.006721882310341157, 0.005816754395709722, 0.008221143043976134, 0.00692392024003701, 0.007687865153079989, 0.009296299376086715, 0.00932115262625494, 0.007055438308849592, 0.0073258028998679945, 0.0060627256946948664, 0.005610397912581296, 0.006418526505876798, 0.008972524372317518, 0.006332902887758489, 0.0068862070782213574, 0.010331143415533007, 0.006165542456311296, 0.009677213504731368, 0.008292976747422168], "mae": [0.2286432615735314, 0.21372149972354665, 0.2232599832393505, 0.23573894759542063, 0.21898380823825536, 0.22404085027008522, 0.23254938589202034, 0.23742320556794444, 0.23965404872541074, 0.23523204580501275, 0.23265964426100255, 0.23331539378021704, 0.2281143069267273, 0.21419805325567723, 0.23239925224334002, 0.22396752696770889, 0.2155360139551617, 0.22179745366940132, 0.2248937040567398, 0.21469062708673023, 0.2270003706216812, 0.22312302684242075, 0.22342553912174135, 0.2301230623766228, 0.22460206007135325, 0.22493386765321097, 0.23321858740278653, 0.2155785571783781, 0.20273489079305104, 0.21350700301783426, 0.20964548204626357, 0.21013911503056684, 0.22212995895568063, 0.2073454564171178, 0.20767444181136596, 0.21485306840875876, 0.22931439455213218, 0.21657714460577285, 0.21342374570667744, 0.21756946380649295, 0.21524411578511082, 0.22630426682093563, 0.20606265352530914, 0.21151210266654774, 0.2131332246393993, 0.21071454510092735, 0.21433469199615976, 0.20365567398922785, 0.2127126215232743, 0.20758231522308457, 0.21644270930971418, 0.21462435026963553, 0.22399443704070468, 0.20934422189990678, 0.22794671815175277, 0.21732982681241148, 0.21928259552944274, 0.2233300180389331, 0.24431484458701952, 0.20690650244553885, 0.22322562811049548, 0.22746460494540988, 0.2168974637364348, 0.22623421967029572, 0.2348399383050424, 0.21999667349614596, 0.22180437445640563, 0.22738406010742845, 0.24620193429291248, 0.2196306905576161, 0.22700360665718713, 0.23654559063605773, 0.23020745068788528, 0.22817326427959814, 0.24960636566666997, 0.22949959102429843, 0.23237595684600598, 0.2268005631864071, 0.22520859415332475, 0.21944817610912853, 0.22349173501133918, 0.24002413120534685, 0.22227494170268378, 0.2519298411077923, 0.24256942607462406, 0.22810569891463156, 0.21837338575950035, 0.21555383448247556], "mean_q": [0.289141727216316, 0.26821886178325205, 0.2797484651759819, 0.2967787604582937, 0.2767465581235133, 0.28284885643458946, 0.29495896454210635, 0.2991439253091812, 0.2991887303414168, 0.29435541453184905, 0.29292861446738244, 0.2930736848802278, 0.2895007524639368, 0.2704934373497963, 0.2919265367090702, 0.28540336550810397, 0.2742012753373101, 0.27935975331526536, 0.28200519482294717, 0.2697253142084394, 0.2849486321210861, 0.28246690603819763, 0.2792477990899767, 0.2883972669089282, 0.28284151338297747, 0.28244824409484864, 0.29306322655507494, 0.2711779627948999, 0.2563162366194384, 0.2703046186694077, 0.2635511958173343, 0.2672560599943002, 0.2818951567306238, 0.26230827612536295, 0.2604163980636841, 0.2697102744942126, 0.2889279856764037, 0.2745223620108196, 0.27040091591576737, 0.2746867137295859, 0.27263337962849193, 0.28367297482841153, 0.2613098140467297, 0.2690467821844554, 0.2736531352174693, 0.2675640434026718, 0.27141623360955197, 0.2597574841763292, 0.2693475355152731, 0.2655574811829461, 0.27473777532577515, 0.27120944261550906, 0.28304453871466895, 0.2671480592754152, 0.29165435697023684, 0.2784673218117204, 0.27880681448039557, 0.2821628709252064, 0.30813278523939, 0.26207947383324304, 0.2810645123774355, 0.29102260300091337, 0.27504916737476987, 0.2864654615521431, 0.2973831472573457, 0.28007055348471593, 0.27957209398349125, 0.2882183700286109, 0.30766017486651737, 0.27565196724165053, 0.2857919816548626, 0.29645916513907605, 0.28861063559140476, 0.2869124812323873, 0.3108959127874935, 0.28798248069851023, 0.2915678719679515, 0.28516542352735996, 0.28081710264086723, 0.2742515185640918, 0.2790121719241142, 0.29907050033410393, 0.27555015145076645, 0.3129419634739558, 0.3008654948323965, 0.2838554528096448, 0.27070262741584045, 0.26840310350612356], "mean_eps": [0.010000000000000005, 0.01, 0.010000000000000002, 0.010000000000000004, 0.010000000000000004, 0.010000000000000005, 0.010000000000000002, 0.010000000000000004, 0.010000000000000002, 0.010000000000000002, 0.010000000000000005, 0.010000000000000004, 0.01, 0.010000000000000005, 0.01, 0.010000000000000005, 0.010000000000000002, 0.010000000000000002, 0.01, 0.010000000000000002, 0.010000000000000002, 0.010000000000000005, 0.010000000000000005, 0.010000000000000002, 0.010000000000000004, 0.01, 0.010000000000000004, 0.010000000000000005, 0.010000000000000004, 0.010000000000000004, 0.010000000000000004, 0.010000000000000005, 0.010000000000000004, 0.010000000000000004, 0.010000000000000005, 0.010000000000000004, 0.010000000000000004, 0.010000000000000005, 0.010000000000000004, 0.010000000000000004, 0.010000000000000005, 0.010000000000000004, 0.010000000000000002, 0.010000000000000005, 0.010000000000000004, 0.010000000000000005, 0.010000000000000005, 0.010000000000000004, 0.010000000000000005, 0.010000000000000004, 0.010000000000000004, 0.010000000000000005, 0.010000000000000004, 0.010000000000000004, 0.010000000000000002, 0.010000000000000005, 0.010000000000000005, 0.010000000000000002, 0.010000000000000004, 0.010000000000000004, 0.010000000000000002, 0.010000000000000002, 0.010000000000000005, 0.010000000000000004, 0.010000000000000002, 0.010000000000000002, 0.010000000000000004, 0.010000000000000005, 0.010000000000000004, 0.010000000000000002, 0.010000000000000005, 0.010000000000000005, 0.010000000000000004, 0.010000000000000005, 0.01, 0.010000000000000004, 0.010000000000000004, 0.010000000000000005, 0.010000000000000004, 0.010000000000000004, 0.010000000000000005, 0.010000000000000005, 0.010000000000000004, 0.010000000000000002, 0.010000000000000005, 0.010000000000000005, 0.010000000000000002, 0.010000000000000002], "episode_reward": [25.0, 9.0, 11.0, 14.0, 15.0, 16.0, 15.0, 17.0, 16.0, 13.0, 13.0, 17.0, 6.0, 15.0, 8.0, 20.0, 11.0, 10.0, 4.0, 11.0, 10.0, 27.0, 23.0, 12.0, 14.0, 6.0, 10.0, 17.0, 15.0, 13.0, 15.0, 21.0, 17.0, 13.0, 14.0, 9.0, 12.0, 19.0, 7.0, 16.0, 23.0, 20.0, 10.0, 22.0, 14.0, 14.0, 19.0, 16.0, 15.0, 19.0, 12.0, 16.0, 17.0, 12.0, 12.0, 20.0, 22.0, 10.0, 14.0, 20.0, 12.0, 9.0, 15.0, 15.0, 18.0, 11.0, 16.0, 19.0, 5.0, 10.0, 16.0, 18.0, 12.0, 16.0, 5.0, 23.0, 11.0, 21.0, 9.0, 12.0, 16.0, 20.0, 12.0, 6.0, 15.0, 13.0, 12.0, 13.0],