{"loss": [0.006348596148503323, 0.009293549113163654, 0.008206506224814803, 0.007152747597345816, 0.007930784131444636, 0.00954322811282639, 0.007280059111316835, 0.006785709236282855, 0.006321642598116093, 0.009141839376685244, 0.009690620241385391, 0.007945177614601562, 0.00787596900357, 0.010320852823497262, 0.005571058617947115, 0.006751880015095545, 0.008878617713760053, 0.008295645449637762, 0.0078121087361319825, 0.007047657394608439, 0.007519790218793787, 0.011351181238534905, 0.008020672333749155, 0.007168715489873041, 0.007294446079397638, 0.006806615847852771, 0.009327728973034568, 0.009377950797693766, 0.007016628361140777, 0.005997699782978196, 0.00747429614019548, 0.008270775478740689, 0.006987821969336697, 0.00675392091752177, 0.00986488294952056, 0.006756508046941411, 0.007973296858835965, 0.005700442923365959, 0.007529392071195285, 0.007796958969927139, 0.007755159994121641, 0.00797670759835883, 0.008243640103804259, 0.007923242703545838, 0.0058183577057207, 0.009908675383485388, 0.0066020183545664295, 0.008311647215371275, 0.006077765631121828, 0.006870003688023784, 0.006862661406298035, 0.006088028106439327, 0.007535849131868574, 0.006228767360722565, 0.007295205054106191, 0.009271211130821723, 0.010516633728652127, 0.007221746576867779, 0.007975053672421852, 0.008437436253933067, 0.006647503327777875, 0.00861917714001206, 0.008398326147081596, 0.005888834091213842, 0.007175316020627232, 0.008856169576756657, 0.008872264703255027, 0.007373299364311, 0.0114002026505126, 0.007980421841652556, 0.0076526125593643106, 0.007088429785653716, 0.007244473151666553, 0.007625771433855074, 0.006946318391656373, 0.010233165872763962, 0.011555186272598803, 0.007464858742120366, 0.007332856074299343, 0.005377469378380248, 0.008458706986857578, 0.007749771498228339, 0.007221546613090183, 0.008817017893306911, 0.006403266135121471, 0.007089479054800819, 0.008930410015518251, 0.006217204034328461, 0.006859580045506768, 0.006682989715885084, 0.007726134795229882], "mae": [0.2009037882089615, 0.20715936445272887, 0.20266122072935105, 0.20091776762689864, 0.21472594212918056, 0.20428416877985, 0.2021247187727376, 0.2024748645722866, 0.20128078171701141, 0.20101048604205804, 0.20816020229283502, 0.20401247031986713, 0.20234045971717154, 0.21776845958083868, 0.1909078016425624, 0.20096513387319204, 0.20154317787715367, 0.20651006537514763, 0.19492776846063548, 0.20705003915138023, 0.20195459704036298, 0.21923904830501192, 0.18750590888353494, 0.2106775724225574, 0.19870232353950368, 0.20660222514911933, 0.21663402544485555, 0.20101578305570447, 0.1984784629728113, 0.20376763448995702, 0.20629760674361525, 0.21446511819958686, 0.2075415211064475, 0.18587768156277507, 0.2104642128243166, 0.2059426163473437, 0.2053534420473235, 0.21215526376451765, 0.20818294765371265, 0.2057412564754486, 0.20913920879364015, 0.20114979849142187, 0.20311714274187884, 0.2300227752327919, 0.22024070378392935, 0.2227988513186574, 0.21417497437108646, 0.21441268108107828, 0.20619014062379537, 0.21895007617198503, 0.2243555672466755, 0.21053639437471117, 0.2239798235482183, 0.21818214395771857, 0.22148718163371087, 0.22148872521661578, 0.20740801805541628, 0.22036563824204838, 0.22752757524621897, 0.21704968505285002, 0.21408812648483685, 0.22356962444989578, 0.21835766661734807, 0.22301167311767736, 0.22351713566219106, 0.2134134903550148, 0.22888937496369885, 0.21668597261110942, 0.21948894138993888, 0.2367038383628383, 0.22978525672640118, 0.21751460852101445, 0.21160069578572324, 0.21529701405337878, 0.21934311438438503, 0.21659779933191114, 0.23002581059932709, 0.2128263298008177, 0.21877415082417428, 0.21028040234859174, 0.22570947408676148, 0.21315727111968127, 0.22495369222902117, 0.2180393487215042, 0.20970386369475003, 0.2107475334128668, 0.21632206180821295, 0.24710109191281454, 0.22691336526709088, 0.22444068583158347, 0.22836855798959732], "mean_q": [0.2564583917458852, 0.2628578314414391, 0.25606242219607034, 0.25633093842438287, 0.2741668557836896, 0.2619157156773976, 0.2596973541535829, 0.26000485196709633, 0.2562974113406557, 0.25676905667340316, 0.26784277444376664, 0.26420504599809647, 0.26044381729194094, 0.28058152738958597, 0.24672914273811108, 0.26005151545679245, 0.2618295465196882, 0.2668592510996638, 0.24984581151912952, 0.2663475074047266, 0.25628322265718295, 0.28037989636262256, 0.24169160482975152, 0.27183383923989757, 0.25764744446195403, 0.2667447096771664, 0.2761913554088489, 0.256194641395491, 0.2587465127663953, 0.2639988332110293, 0.2648310964477473, 0.27550800442695617, 0.26565352593149455, 0.23753989683954338, 0.26865650538135977, 0.2606511558255842, 0.259523301252297, 0.27144168870789664, 0.26283366165377875, 0.26039327545599505, 0.26581951081752775, 0.2560669771012138, 0.257223529741168, 0.2907635110616684, 0.28065553214401007, 0.2831145394593477, 0.2736416140740568, 0.27385823157700623, 0.2630011753032082, 0.27648661916072553, 0.28303222145353046, 0.2648624292441777, 0.281951950541858, 0.2759546663450158, 0.2798940107226372, 0.2810317927173206, 0.26275101658843814, 0.27902624756097794, 0.2877558485187333, 0.27629422735084186, 0.2739971626017775, 0.2818565349216047, 0.2786750126452673, 0.2827760757257541, 0.2846110550796284, 0.2710603023568789, 0.29003435132964966, 0.27529878318309786, 0.2788752091342005, 0.30122051591222937, 0.29263605432850975, 0.27675893902778625, 0.26717016885155126, 0.2729026009993894, 0.2801399657199549, 0.2745469890294536, 0.28867665827274325, 0.2698070589039061, 0.27788075781427324, 0.26613594133120316, 0.2846535786986351, 0.2696087014946071, 0.2833524534390086, 0.27381861489266157, 0.2648938627078615, 0.26611669673476107, 0.27171668539876526, 0.31507012460912975, 0.28793212089498166, 0.2877210733982233, 0.29050023257732394], "mean_eps": [0.01, 0.010000000000000002, 0.010000000000000004, 0.010000000000000004, 0.010000000000000002, 0.009999999999999998, 0.010000000000000004, 0.010000000000000002, 0.010000000000000004, 0.010000000000000002, 0.010000000000000004, 0.010000000000000004, 0.010000000000000004, 0.01, 0.010000000000000004, 0.010000000000000004, 0.009999999999999998, 0.010000000000000004, 0.010000000000000004, 0.010000000000000005, 0.010000000000000005, 0.010000000000000002, 0.010000000000000002, 0.010000000000000002, 0.010000000000000004, 0.010000000000000002, 0.010000000000000004, 0.010000000000000005, 0.010000000000000004, 0.010000000000000004, 0.010000000000000004, 0.010000000000000005, 0.010000000000000004, 0.010000000000000002, 0.01, 0.010000000000000004, 0.009999999999999998, 0.010000000000000004, 0.010000000000000004, 0.010000000000000002, 0.010000000000000002, 0.010000000000000004, 0.010000000000000004, 0.010000000000000004, 0.01, 0.01, 0.010000000000000002, 0.010000000000000002, 0.010000000000000002, 0.010000000000000002, 0.010000000000000004, 0.010000000000000004, 0.010000000000000004, 0.010000000000000004, 0.010000000000000002, 0.010000000000000005, 0.010000000000000002, 0.010000000000000004, 0.010000000000000004, 0.010000000000000005, 0.010000000000000004, 0.010000000000000004, 0.010000000000000002, 0.010000000000000004, 0.010000000000000004, 0.010000000000000004, 0.010000000000000004, 0.01, 0.010000000000000004, 0.010000000000000004, 0.010000000000000004, 0.010000000000000004, 0.010000000000000002, 0.010000000000000004, 0.010000000000000005, 0.010000000000000004, 0.010000000000000002, 0.010000000000000002, 0.010000000000000005, 0.010000000000000002, 0.010000000000000002, 0.010000000000000002, 0.010000000000000005, 0.01, 0.010000000000000004, 0.010000000000000005, 0.010000000000000004, 0.009999999999999998, 0.010000000000000005, 0.010000000000000002, 0.010000000000000004],